id_genero,altitud,edad,valor_min,valor_max,valor_hemoglobina,estado_diagnostico
1,4060,62,14.0,18.0,13.63,Anemia
1,2558,24,14.0,18.0,9.43,Anemia
1,400,53,14.0,18.0,21.55,Poliglobulia
2,400,49,13.0,16.5,13.3,Estable
2,3735,57,13.0,16.5,12.09,Anemia
1,3735,58,14.0,18.0,16.75,Estable
2,2558,56,13.0,16.5,21.14,Poliglobulia
2,400,59,13.0,16.5,20.9,Poliglobulia
2,3640,74,13.0,16.5,18.77,Poliglobulia
2,2558,47,13.0,16.5,14.72,Estable
2,3640,75,13.0,16.5,14.65,Estable
2,3640,34,13.0,16.5,18.15,Poliglobulia
1,3735,22,14.0,18.0,22.89,Poliglobulia
2,4060,67,13.0,16.5,10.64,Anemia
1,400,47,14.0,18.0,16.77,Estable
2,2558,58,13.0,16.5,11.98,Anemia
2,3640,20,13.0,16.5,19.39,Poliglobulia
2,4060,36,13.0,16.5,12.53,Anemia
2,3735,47,13.0,16.5,15.01,Estable
1,400,41,14.0,18.0,22.24,Poliglobulia
1,4060,29,14.0,18.0,12.8,Anemia
1,400,56,14.0,18.0,21.66,Poliglobulia
2,3735,33,13.0,16.5,19.8,Poliglobulia
1,3640,31,14.0,18.0,15.64,Estable
1,3640,30,14.0,18.0,17.47,Estable
2,400,59,13.0,16.5,16.21,Estable
1,400,79,14.0,18.0,13.89,Anemia
2,3640,58,13.0,16.5,18.63,Poliglobulia
2,3735,25,13.0,16.5,16.01,Estable
2,400,21,13.0,16.5,13.6,Estable
1,3735,62,14.0,18.0,13.08,Anemia
1,2558,43,14.0,18.0,21.62,Poliglobulia
1,2558,43,14.0,18.0,11.34,Anemia
1,4060,66,14.0,18.0,14.34,Estable
1,3640,60,14.0,18.0,13.81,Anemia
1,4060,33,14.0,18.0,20.81,Poliglobulia
2,3735,71,13.0,16.5,13.01,Estable
1,3640,63,14.0,18.0,16.53,Estable
2,3735,52,13.0,16.5,13.87,Estable
1,400,37,14.0,18.0,11.46,Anemia
2,400,47,13.0,16.5,19.63,Poliglobulia
2,400,66,13.0,16.5,14.71,Estable
1,3735,23,14.0,18.0,9.17,Anemia
2,4060,77,13.0,16.5,17.24,Poliglobulia
2,3735,24,13.0,16.5,15.91,Estable
2,4060,21,13.0,16.5,14.44,Estable
2,4060,67,13.0,16.5,15.16,Estable
2,2558,46,13.0,16.5,8.05,Anemia
2,3735,58,13.0,16.5,16.26,Estable
2,2558,44,13.0,16.5,15.84,Estable
2,3735,79,13.0,16.5,9.09,Anemia
2,3735,32,13.0,16.5,15.99,Estable
2,4060,35,13.0,16.5,14.63,Estable
2,400,21,13.0,16.5,15.96,Estable
1,4060,19,14.0,18.0,13.84,Anemia
1,3735,25,14.0,18.0,12.84,Anemia
2,3640,70,13.0,16.5,13.22,Estable
1,2558,37,14.0,18.0,21.51,Poliglobulia
2,400,73,13.0,16.5,20.14,Poliglobulia
1,3640,75,14.0,18.0,16.83,Estable
1,3640,26,14.0,18.0,17.86,Estable
1,400,60,14.0,18.0,11.85,Anemia
2,3640,49,13.0,16.5,13.4,Estable
1,400,54,14.0,18.0,21.23,Poliglobulia
2,2558,55,13.0,16.5,12.14,Anemia
1,3640,56,14.0,18.0,9.15,Anemia
2,4060,27,13.0,16.5,11.85,Anemia
1,3640,18,14.0,18.0,14.89,Estable
1,400,31,14.0,18.0,15.25,Estable
2,4060,65,13.0,16.5,10.84,Anemia
2,2558,64,13.0,16.5,15.32,Estable
1,2558,36,14.0,18.0,13.81,Anemia
2,2558,58,13.0,16.5,16.8,Poliglobulia
1,400,52,14.0,18.0,22.02,Poliglobulia
1,4060,32,14.0,18.0,21.68,Poliglobulia
2,3735,34,13.0,16.5,14.11,Estable
1,400,34,14.0,18.0,18.48,Poliglobulia
1,2558,44,14.0,18.0,20.45,Poliglobulia
2,400,32,13.0,16.5,12.28,Anemia
1,400,32,14.0,18.0,9.0,Anemia
2,3640,80,13.0,16.5,19.92,Poliglobulia
1,2558,37,14.0,18.0,12.06,Anemia
2,4060,40,13.0,16.5,19.59,Poliglobulia
1,4060,24,14.0,18.0,21.72,Poliglobulia
2,3735,38,13.0,16.5,17.15,Poliglobulia
1,2558,37,14.0,18.0,22.88,Poliglobulia
1,3640,51,14.0,18.0,17.52,Estable
1,400,22,14.0,18.0,14.47,Estable
2,2558,35,13.0,16.5,8.51,Anemia
2,3735,18,13.0,16.5,15.27,Estable
2,3640,70,13.0,16.5,21.17,Poliglobulia
2,4060,80,13.0,16.5,16.02,Estable
1,2558,30,14.0,18.0,18.0,Estable
2,3640,78,13.0,16.5,16.77,Poliglobulia
1,400,37,14.0,18.0,17.5,Estable
2,2558,67,13.0,16.5,20.72,Poliglobulia
2,2558,23,13.0,16.5,17.12,Poliglobulia
1,2558,44,14.0,18.0,9.5,Anemia
1,3735,51,14.0,18.0,18.59,Poliglobulia
2,3735,25,13.0,16.5,11.67,Anemia
1,2558,30,14.0,18.0,20.85,Poliglobulia
2,3735,78,13.0,16.5,18.88,Poliglobulia
1,3735,31,14.0,18.0,9.08,Anemia
2,2558,42,13.0,16.5,18.04,Poliglobulia
2,3640,18,13.0,16.5,16.4,Estable
1,3640,74,14.0,18.0,17.7,Estable
1,2558,19,14.0,18.0,15.41,Estable
1,3735,75,14.0,18.0,18.4,Poliglobulia
1,400,48,14.0,18.0,14.47,Estable
2,3640,73,13.0,16.5,10.71,Anemia
2,3735,23,13.0,16.5,18.72,Poliglobulia
2,400,43,13.0,16.5,14.44,Estable
2,3640,39,13.0,16.5,18.02,Poliglobulia
2,400,75,13.0,16.5,10.08,Anemia
2,3735,40,13.0,16.5,13.49,Estable
2,3735,33,13.0,16.5,14.76,Estable
2,4060,31,13.0,16.5,18.51,Poliglobulia
1,3735,75,14.0,18.0,14.88,Estable
1,400,32,14.0,18.0,16.38,Estable
2,3735,31,13.0,16.5,13.56,Estable
1,4060,38,14.0,18.0,11.27,Anemia
2,3640,28,13.0,16.5,11.85,Anemia
2,4060,75,13.0,16.5,14.76,Estable
1,3640,66,14.0,18.0,21.31,Poliglobulia
1,3640,44,14.0,18.0,15.39,Estable
1,400,73,14.0,18.0,16.62,Estable
2,3735,68,13.0,16.5,20.7,Poliglobulia
1,2558,54,14.0,18.0,20.37,Poliglobulia
2,3640,21,13.0,16.5,14.25,Estable
1,3735,23,14.0,18.0,16.93,Estable
2,4060,56,13.0,16.5,8.1,Anemia
1,3640,41,14.0,18.0,21.76,Poliglobulia
2,3640,75,13.0,16.5,20.05,Poliglobulia
1,2558,59,14.0,18.0,18.87,Poliglobulia
2,2558,60,13.0,16.5,8.54,Anemia
1,4060,69,14.0,18.0,16.74,Estable
2,2558,66,13.0,16.5,13.06,Estable
1,400,26,14.0,18.0,22.05,Poliglobulia
1,3735,39,14.0,18.0,18.7,Poliglobulia
1,3640,30,14.0,18.0,16.08,Estable
1,3640,61,14.0,18.0,16.71,Estable
1,4060,60,14.0,18.0,20.58,Poliglobulia
1,2558,22,14.0,18.0,19.12,Poliglobulia
2,4060,56,13.0,16.5,19.77,Poliglobulia
2,3735,72,13.0,16.5,17.77,Poliglobulia
2,3735,40,13.0,16.5,11.87,Anemia
2,3640,34,13.0,16.5,10.0,Anemia
2,3735,42,13.0,16.5,20.98,Poliglobulia
2,400,66,13.0,16.5,14.63,Estable
2,2558,71,13.0,16.5,12.21,Anemia
2,3735,31,13.0,16.5,19.59,Poliglobulia
2,400,41,13.0,16.5,17.12,Poliglobulia
1,4060,18,14.0,18.0,19.61,Poliglobulia
2,3735,33,13.0,16.5,14.25,Estable
2,3640,52,13.0,16.5,20.33,Poliglobulia
2,3640,31,13.0,16.5,18.64,Poliglobulia
2,3640,35,13.0,16.5,18.3,Poliglobulia
2,2558,68,13.0,16.5,14.55,Estable
2,3735,39,13.0,16.5,14.14,Estable
1,3735,31,14.0,18.0,17.03,Estable
2,4060,30,13.0,16.5,10.39,Anemia
1,3640,38,14.0,18.0,16.15,Estable
2,3735,34,13.0,16.5,13.22,Estable
1,2558,63,14.0,18.0,10.43,Anemia
2,400,68,13.0,16.5,20.21,Poliglobulia
1,3640,23,14.0,18.0,22.27,Poliglobulia
2,3640,23,13.0,16.5,19.32,Poliglobulia
2,3735,37,13.0,16.5,17.79,Poliglobulia
2,2558,23,13.0,16.5,14.91,Estable
2,3640,49,13.0,16.5,15.25,Estable
1,3735,27,14.0,18.0,17.19,Estable
1,4060,68,14.0,18.0,10.82,Anemia
2,400,45,13.0,16.5,13.2,Estable
2,4060,73,13.0,16.5,9.81,Anemia
1,3735,35,14.0,18.0,13.67,Anemia
2,400,22,13.0,16.5,15.13,Estable
2,4060,58,13.0,16.5,13.46,Estable
1,3735,34,14.0,18.0,9.68,Anemia
1,400,53,14.0,18.0,21.41,Poliglobulia
2,4060,68,13.0,16.5,15.22,Estable
1,3640,39,14.0,18.0,19.89,Poliglobulia
2,400,37,13.0,16.5,11.41,Anemia
1,3640,53,14.0,18.0,13.5,Anemia
1,2558,70,14.0,18.0,17.91,Estable
2,2558,62,13.0,16.5,11.7,Anemia
1,3735,59,14.0,18.0,17.75,Estable
2,3735,73,13.0,16.5,11.9,Anemia
1,3735,29,14.0,18.0,16.57,Estable
1,3735,60,14.0,18.0,16.86,Estable
2,3640,26,13.0,16.5,18.03,Poliglobulia
2,400,51,13.0,16.5,19.08,Poliglobulia
2,400,46,13.0,16.5,9.56,Anemia
1,400,25,14.0,18.0,11.23,Anemia
1,3640,42,14.0,18.0,22.56,Poliglobulia
1,400,64,14.0,18.0,11.87,Anemia
2,3640,43,13.0,16.5,10.43,Anemia
1,3735,75,14.0,18.0,21.18,Poliglobulia
2,3735,20,13.0,16.5,19.01,Poliglobulia
1,400,23,14.0,18.0,14.66,Estable
2,2558,76,13.0,16.5,18.09,Poliglobulia
1,2558,49,14.0,18.0,12.91,Anemia
2,400,27,13.0,16.5,15.01,Estable
2,2558,37,13.0,16.5,21.48,Poliglobulia
2,400,50,13.0,16.5,10.54,Anemia
1,3735,67,14.0,18.0,11.68,Anemia
1,4060,80,14.0,18.0,15.96,Estable
2,400,43,13.0,16.5,20.01,Poliglobulia
2,2558,42,13.0,16.5,18.19,Poliglobulia
1,400,25,14.0,18.0,10.98,Anemia
2,400,26,13.0,16.5,13.05,Estable
1,400,40,14.0,18.0,10.6,Anemia
2,400,28,13.0,16.5,15.42,Estable
2,400,36,13.0,16.5,17.1,Poliglobulia
2,3735,80,13.0,16.5,12.43,Anemia
1,2558,68,14.0,18.0,9.65,Anemia
2,4060,56,13.0,16.5,13.91,Estable
1,2558,27,14.0,18.0,18.13,Poliglobulia
2,4060,36,13.0,16.5,10.43,Anemia
2,2558,60,13.0,16.5,17.19,Poliglobulia
1,400,52,14.0,18.0,14.47,Estable
2,3640,35,13.0,16.5,17.65,Poliglobulia
1,3735,68,14.0,18.0,20.2,Poliglobulia
1,3640,37,14.0,18.0,19.83,Poliglobulia
1,400,21,14.0,18.0,21.06,Poliglobulia
2,3640,33,13.0,16.5,16.09,Estable
2,3735,69,13.0,16.5,9.92,Anemia
2,4060,23,13.0,16.5,12.66,Anemia
1,400,78,14.0,18.0,21.23,Poliglobulia
1,2558,70,14.0,18.0,11.34,Anemia
1,3640,40,14.0,18.0,18.2,Poliglobulia
2,3640,68,13.0,16.5,11.56,Anemia
2,4060,36,13.0,16.5,12.36,Anemia
1,3640,31,14.0,18.0,20.67,Poliglobulia
2,4060,77,13.0,16.5,19.25,Poliglobulia
1,3735,66,14.0,18.0,14.21,Estable
1,4060,52,14.0,18.0,15.33,Estable
2,400,62,13.0,16.5,19.94,Poliglobulia
1,3640,30,14.0,18.0,18.46,Poliglobulia
2,3640,40,13.0,16.5,14.2,Estable
2,4060,33,13.0,16.5,13.33,Estable
1,3735,23,14.0,18.0,19.5,Poliglobulia
2,3735,66,13.0,16.5,13.44,Estable
1,3640,77,14.0,18.0,20.84,Poliglobulia
2,400,37,13.0,16.5,14.6,Estable
1,4060,80,14.0,18.0,9.33,Anemia
2,4060,34,13.0,16.5,20.85,Poliglobulia
2,400,51,13.0,16.5,19.57,Poliglobulia
1,400,66,14.0,18.0,22.15,Poliglobulia
1,3640,23,14.0,18.0,18.58,Poliglobulia
2,3735,76,13.0,16.5,13.97,Estable
2,2558,72,13.0,16.5,16.47,Estable
2,4060,36,13.0,16.5,14.26,Estable
1,3640,19,14.0,18.0,21.09,Poliglobulia
2,2558,27,13.0,16.5,19.96,Poliglobulia
2,4060,74,13.0,16.5,21.15,Poliglobulia
1,3735,26,14.0,18.0,16.94,Estable
1,2558,80,14.0,18.0,14.2,Estable
1,4060,62,14.0,18.0,22.39,Poliglobulia
2,4060,49,13.0,16.5,17.35,Poliglobulia
2,2558,18,13.0,16.5,19.63,Poliglobulia
1,4060,30,14.0,18.0,14.46,Estable
1,3640,59,14.0,18.0,9.09,Anemia
2,2558,29,13.0,16.5,14.07,Estable
2,2558,47,13.0,16.5,12.1,Anemia
2,2558,76,13.0,16.5,9.25,Anemia
2,4060,46,13.0,16.5,20.2,Poliglobulia
2,4060,36,13.0,16.5,13.39,Estable
2,3640,54,13.0,16.5,19.34,Poliglobulia
2,2558,34,13.0,16.5,14.9,Estable
1,4060,53,14.0,18.0,10.03,Anemia
1,3640,67,14.0,18.0,19.86,Poliglobulia
2,3640,43,13.0,16.5,15.42,Estable
2,2558,50,13.0,16.5,8.42,Anemia
2,2558,22,13.0,16.5,13.04,Estable
1,400,41,14.0,18.0,13.79,Anemia
1,2558,78,14.0,18.0,16.19,Estable
1,400,66,14.0,18.0,17.1,Estable
1,400,34,14.0,18.0,22.09,Poliglobulia
2,4060,71,13.0,16.5,15.83,Estable
1,3640,71,14.0,18.0,14.66,Estable
2,3735,19,13.0,16.5,20.92,Poliglobulia
2,2558,29,13.0,16.5,18.6,Poliglobulia
1,4060,26,14.0,18.0,10.07,Anemia
2,2558,53,13.0,16.5,19.11,Poliglobulia
1,3735,77,14.0,18.0,21.57,Poliglobulia
2,3735,69,13.0,16.5,18.82,Poliglobulia
2,4060,78,13.0,16.5,10.26,Anemia
2,2558,50,13.0,16.5,12.25,Anemia
1,3735,52,14.0,18.0,11.85,Anemia
2,4060,62,13.0,16.5,18.09,Poliglobulia
1,3640,49,14.0,18.0,12.18,Anemia
1,400,73,14.0,18.0,17.57,Estable
1,3640,67,14.0,18.0,17.44,Estable
2,3640,22,13.0,16.5,16.19,Estable
1,4060,58,14.0,18.0,18.94,Poliglobulia
2,3735,47,13.0,16.5,17.47,Poliglobulia
1,3735,26,14.0,18.0,11.54,Anemia
2,4060,80,13.0,16.5,11.41,Anemia
1,3735,24,14.0,18.0,10.82,Anemia
1,3735,55,14.0,18.0,13.46,Anemia
